Name,Measured by,Preset,Calibration,Calibration adjustment,DateTime,Duration,Reference,Pass/Fail,GPS Lat.,GPS Long.,Tags,Camera image,Library,Grades,LE,Li,Be,B,C,Mg,+/-,Al,+/-,Si,+/-,P,+/-,S,+/-,Cl,+/-,Ar,+/-,K,+/-,Ca,+/-,Sc,+/-,Ti,+/-,V,+/-,Cr,+/-,Mn,+/-,Fe,+/-,Co,+/-,Ni,+/-,Cu,+/-,Zn,+/-,Ga,+/-,Ge,+/-,As,+/-,Se,+/-,Br,+/-,Kr,+/-,Rb,+/-,Sr,+/-,Y,+/-,Zr,+/-,Nb,+/-,Mo,+/-,Tc,+/-,Ru,+/-,Rh,+/-,Pd,+/-,Ag,+/-,Cd,+/-,In,+/-,Sn,+/-,Sb,+/-,Te,+/-,I,+/-,Xe,+/-,Cs,+/-,Ba,+/-,La,+/-,Ce,+/-,Pr,+/-,Nd,+/-,Pm,+/-,Sm,+/-,Eu,+/-,Gd,+/-,Tb,+/-,Dy,+/-,Ho,+/-,Er,+/-,Tm,+/-,Yb,+/-,Lu,+/-,Hf,+/-,Ta,+/-,W,+/-,Re,+/-,Os,+/-,Ir,+/-,Pt,+/-,Au,+/-,Hg,+/-,Tl,+/-,Pb,+/-,Bi,+/-,Po,+/-,At,+/-,Rn,+/-,Fr,+/-,Ra,+/-,Ac,+/-,Th,+/-,Pa,+/-,U,+/-
67.35,Manager,gold test,Precious FP, ,2026-01-21T14:23:41.209Z,10,,,,,,,,,,,,,,,,,,,,,,,,,,,,,,,,,,0.0000,0.0000,,,0.0000,0.0000,0.0388,0.0141,4.8596,0.0354,0.0000,0.0000,0.0000,0.0000,31.2036,0.0591,0.0127,0.0073,,,0.0020,0.0029,,,,,,,,,,,,,,,,,0.0000,0.0000,0.0062,0.0019,,,0.0000,0.0000,0.0000,0.0000,0.0000,0.0000,63.6498,0.0861,0.0000,0.0000,0.0000,0.0000,0.0000,0.0000,0.0000,0.0000,,,,,,,,,,,,,,,,,,,,,,,,,,,,,,,,,,,,,,,,,,,0.0000,0.1071,0.0000,0.0000,,,0.1797,0.0525,0.0000,0.0000,0.0000,0.0000,0.0476,0.0049,0.0000,0.0000,,,0.0000,0.0000,0.0000,0.0000,,,,,,,,,,,,,,,,,,
67.35,Manager,gold test,Precious FP, ,2026-01-21T14:24:01.473Z,10,,,,,,,Au Karat,6.0 K (0.695 %) ,,,,,,,,,,,,,,,,,,,,,,,,,,0.0000,0.0000,,,0.0000,0.0000,0.0322,0.0141,4.8431,0.0354,0.0000,0.0000,0.0000,0.0000,31.2599,0.0591,0.0448,0.0076,,,0.0008,0.0031,,,,,,,,,,,,,,,,,0.0069,0.0017,0.0059,0.0021,,,0.0032,0.0028,0.0048,0.0068,0.0000,0.0000,63.5417,0.0861,0.0000,0.0000,0.0000,0.0000,0.0000,0.0000,0.0000,0.0000,,,,,,,,,,,,,,,,,,,,,,,,,,,,,,,,,,,,,,,,,,,0.0000,0.1071,0.0000,0.0000,,,0.2076,0.0524,0.0000,0.0000,0.0000,0.0000,0.0489,0.0049,0.0000,0.0000,,,0.0000,0.0000,0.0000,0.0000,,,,,,,,,,,,,,,,,,
67.35,Manager,gold test,Precious FP, ,2026-01-21T14:24:40.796Z,10,,,,,,,Au Karat,6.0 K (0.695 %) ,,,,,,,,,,,,,,,,,,,,,,,,,,0.1832,0.0171,,,0.0000,0.0000,0.0395,0.0147,4.8232,0.0353,0.0000,0.0000,0.0000,0.0000,31.1996,0.0591,0.0000,0.0000,,,0.0000,0.0032,,,,,,,,,,,,,,,,,0.0000,0.0000,0.0000,0.0000,,,0.0058,0.0027,0.0000,0.0000,0.0000,0.0000,63.5504,0.0861,0.0000,0.0000,0.0000,0.0000,0.0000,0.0000,0.0000,0.0000,,,,,,,,,,,,,,,,,,,,,,,,,,,,,,,,,,,,,,,,,,,0.0000,0.1070,0.0000,0.0000,,,0.1376,0.0527,0.0000,0.0000,0.0000,0.0000,0.0607,0.0051,0.0000,0.0000,,,0.0000,0.0000,0.0000,0.0000,,,,,,,,,,,,,,,,,,
67.35,Manager,gold test,Precious FP, ,2026-01-21T14:24:52.143Z,30,,,,,,,,,,,,,,,,,,,,,,,,,,,,,,,,,,0.0611,0.0864,,,0.0000,0.0000,0.0368,0.0033,4.8420,0.0149,0.0000,0.0000,0.0000,0.0000,31.2211,0.0275,0.0192,0.0189,,,0.0009,0.0008,,,,,,,,,,,,,,,,,0.0023,0.0033,0.0041,0.0029,,,0.0030,0.0024,0.0016,0.0023,0.0000,0.0000,63.5807,0.0490,0.0000,0.0000,0.0000,0.0000,0.0000,0.0000,0.0000,0.0000,,,,,,,,,,,,,,,,,,,,,,,,,,,,,,,,,,,,,,,,,,,0.0000,0.0000,0.0000,0.0000,,,0.1750,0.0288,0.0000,0.0000,0.0000,0.0000,0.0524,0.0059,0.0000,0.0000,,,0.0000,0.0000,0.0000,0.0000,,,,,,,,,,,,,,,,,,
74.75,Manager,gold test,Precious FP, ,2026-01-21T14:27:35.694Z,10,,,,,,,,,,,,,,,,,,,,,,,,,,,,,,,,,,0.0000,0.0000,,,0.0000,0.0000,0.0000,0.0000,0.1810,0.0085,0.0000,0.0000,0.0000,0.0000,24.2571,0.0515,0.0000,0.0000,,,0.0000,0.0033,,,,,,,,,,,,,,,,,0.0000,0.0000,0.0000,0.0000,,,0.0023,0.0028,0.0000,0.0000,0.0000,0.0000,75.4793,0.0942,0.0000,0.0000,0.0000,0.0000,0.0000,0.0000,0.0000,0.0000,,,,,,,,,,,,,,,,,,,,,,,,,,,,,,,,,,,,,,,,,,,0.0000,0.0928,0.0000,0.0000,,,0.0000,0.0000,0.0000,0.0000,0.0000,0.0000,0.0803,0.0053,0.0000,0.0000,,,0.0000,0.0000,0.0000,0.0000,,,,,,,,,,,,,,,,,,
74.75,Manager,gold test,Precious FP, ,2026-01-21T14:27:48.927Z,10,,,,,,,,,,,,,,,,,,,,,,,,,,,,,,,,,,0.0000,0.0000,,,0.0199,0.0223,0.0000,0.0000,0.1612,0.0081,0.0000,0.0000,0.0000,0.0000,24.1787,0.0514,0.0000,0.0000,,,0.0000,0.0000,,,,,,,,,,,,,,,,,0.0000,0.0000,0.0000,0.0000,,,0.0032,0.0028,0.0047,0.0073,0.0000,0.0000,75.5533,0.0942,0.0000,0.0000,0.0000,0.0000,0.0000,0.0000,0.0000,0.0000,,,,,,,,,,,,,,,,,,,,,,,,,,,,,,,,,,,,,,,,,,,0.0000,0.0924,0.0000,0.0000,,,0.0000,0.0000,0.0000,0.0000,0.0000,0.0000,0.0761,0.0052,0.0029,0.0028,,,0.0000,0.0000,0.0000,0.0000,,,,,,,,,,,,,,,,,,
74.75,Manager,gold test,Precious FP, ,2026-01-21T14:28:02.194Z,10,,,,,,,,,,,,,,,,,,,,,,,,,,,,,,,,,,0.0000,0.0000,,,0.0072,0.0072,0.0000,0.0000,0.1529,0.0080,0.0000,0.0000,0.0000,0.0000,24.1860,0.0514,0.0000,0.0000,,,0.0000,0.0027,,,,,,,,,,,,,,,,,0.0000,0.0000,0.0035,0.0019,,,0.0055,0.0026,0.0000,0.0000,0.0000,0.0000,75.5728,0.0942,0.0000,0.0000,0.0000,0.0000,0.0000,0.0000,0.0000,0.0000,,,,,,,,,,,,,,,,,,,,,,,,,,,,,,,,,,,,,,,,,,,0.0000,0.0929,0.0000,0.0000,,,0.0000,0.0000,0.0000,0.0000,0.0000,0.0000,0.0722,0.0052,0.0000,0.0000,,,0.0000,0.0000,0.0000,0.0000,,,,,,,,,,,,,,,,,,
74.75,Manager,gold test,Precious FP, ,2026-01-21T14:28:13.442Z,30,,,,,,,,,,,,,,,,,,,,,,,,,,,,,,,,,,0.0000,0.0000,,,0.0090,0.0082,0.0000,0.0000,0.1650,0.0118,0.0000,0.0000,0.0000,0.0000,24.2073,0.0354,0.0000,0.0000,,,0.0000,0.0000,,,,,,,,,,,,,,,,,0.0000,0.0000,0.0012,0.0016,,,0.0037,0.0014,0.0016,0.0022,0.0000,0.0000,75.5351,0.0403,0.0000,0.0000,0.0000,0.0000,0.0000,0.0000,0.0000,0.0000,,,,,,,,,,,,,,,,,,,,,,,,,,,,,,,,,,,,,,,,,,,0.0000,0.0000,0.0000,0.0000,,,0.0000,0.0000,0.0000,0.0000,0.0000,0.0000,0.0762,0.0033,0.0010,0.0014,,,0.0000,0.0000,0.0000,0.0000,,,,,,,,,,,,,,,,,,
79.10,Manager,gold test,Precious FP, ,2026-01-21T14:29:41.834Z,10,,,,,,,,,,,,,,,,,,,,,,,,,,,,,,,,,,0.0000,0.0000,,,0.0372,0.0087,0.0000,0.0000,2.1698,0.0258,0.0000,0.0000,0.0000,0.0000,19.7664,0.0477,0.2239,0.0043,,,0.0006,0.0032,,,,,,,,,,,,,,,,,0.0000,0.0000,0.0000,0.0000,,,0.0044,0.0029,0.0000,0.0000,0.0000,0.0000,77.4121,0.0962,0.0335,0.0196,0.0000,0.0000,0.0000,0.0000,0.0000,0.0000,,,,,,,,,,,,,,,,,,,,,,,,,,,,,,,,,,,,,,,,,,,0.0000,0.0867,0.0000,0.0000,,,0.1509,0.0426,0.0000,0.0000,0.0000,0.0000,0.2011,0.0064,0.0000,0.0000,,,0.0000,0.0000,0.0000,0.0000,,,,,,,,,,,,,,,,,,
79.10,Manager,gold test,Precious FP, ,2026-01-21T14:29:56.188Z,10,,,,,,,,,,,,,,,,,,,,,,,,,,,,,,,,,,0.0000,0.0000,,,0.0000,0.0223,0.0000,0.0000,2.1130,0.0255,0.0000,0.0000,0.0000,0.0000,19.8550,0.0478,0.2375,0.0044,,,0.0000,0.0035,,,,,,,,,,,,,,,,,0.0000,0.0000,0.0000,0.0000,,,0.0015,0.0028,0.0000,0.0000,0.0000,0.0000,77.5009,0.0962,0.0133,0.0196,0.0000,0.0000,0.0000,0.0000,0.0000,0.0000,,,,,,,,,,,,,,,,,,,,,,,,,,,,,,,,,,,,,,,,,,,0.0000,0.0864,0.0000,0.0000,,,0.1257,0.0427,0.0000,0.0000,0.0000,0.0000,0.1531,0.0060,0.0000,0.0000,,,0.0000,0.0000,0.0000,0.0000,,,,,,,,,,,,,,,,,,
79.10,Manager,gold test,Precious FP, ,2026-01-21T14:30:09.376Z,10,,,,,,,,,,,,,,,,,,,,,,,,,,,,,,,,,,0.0000,0.0000,,,0.0506,0.0093,0.0319,0.0163,2.1125,0.0255,0.0000,0.0000,0.0000,0.0000,19.7641,0.0477,0.2400,0.0045,,,0.0000,0.0035,,,,,,,,,,,,,,,,,0.0046,0.0018,0.0040,0.0019,,,0.0041,0.0027,0.0000,0.0000,0.0000,0.0000,77.4345,0.0961,0.0156,0.0193,0.0000,0.0000,0.0000,0.0000,0.0000,0.0000,,,,,,,,,,,,,,,,,,,,,,,,,,,,,,,,,,,,,,,,,,,0.0000,0.0865,0.0000,0.0000,,,0.1552,0.0432,0.0000,0.0000,0.0000,0.0000,0.1829,0.0062,0.0000,0.0000,,,0.0000,0.0000,0.0000,0.0000,,,,,,,,,,,,,,,,,,
79.10,Manager,gold test,Precious FP, ,2026-01-21T14:30:20.665Z,30,,,,,,,,,,,,,,,,,,,,,,,,,,,,,,,,,,0.0000,0.0000,,,0.0293,0.0214,0.0106,0.0150,2.1318,0.0269,0.0000,0.0000,0.0000,0.0000,19.7952,0.0423,0.2338,0.0071,,,0.0002,0.0003,,,,,,,,,,,,,,,,,0.0015,0.0022,0.0013,0.0019,,,0.0033,0.0013,0.0000,0.0000,0.0000,0.0000,77.4492,0.0377,0.0208,0.0090,0.0000,0.0000,0.0000,0.0000,0.0000,0.0000,,,,,,,,,,,,,,,,,,,,,,,,,,,,,,,,,,,,,,,,,,,0.0000,0.0000,0.0000,0.0000,,,0.1439,0.0130,0.0000,0.0000,0.0000,0.0000,0.1790,0.0198,0.0000,0.0000,,,0.0000,0.0000,0.0000,0.0000,,,,,,,,,,,,,,,,,,
81.25,Manager,gold test,Precious FP, ,2026-01-21T14:31:16.427Z,10,,,,,,,,,,,,,,,,,,,,,,,,,,,,,,,,,,0.0000,0.0000,,,0.0054,0.0234,0.0176,0.0147,1.1380,0.0181,0.0000,0.0000,0.0000,0.0000,17.7823,0.0424,0.3221,0.0049,,,0.0000,0.0033,,,,,,,,,,,,,,,,,0.0000,0.0000,0.0020,0.0017,,,0.0032,0.0026,0.0106,0.0070,0.0000,0.0000,80.4236,0.0922,0.0000,0.0000,0.0000,0.0000,0.0000,0.0000,0.0000,0.0000,,,,,,,,,,,,,,,,,,,,,,,,,,,,,,,,,,,,,,,,,,,0.0000,0.0765,0.0000,0.0000,,,0.0690,0.0379,0.0000,0.0000,0.0000,0.0000,0.2262,0.0061,0.0000,0.0000,,,0.0000,0.0000,0.0000,0.0000,,,,,,,,,,,,,,,,,,
81.25,Manager,gold test,Precious FP, ,2026-01-21T14:31:46.077Z,10,,,,,,,,,,,,,,,,,,,,,,,,,,,,,,,,,,0.2281,0.0197,,,0.0311,0.0082,0.0000,0.0000,1.1371,0.0180,0.0000,0.0000,0.0000,0.0000,17.6725,0.0422,0.3259,0.0049,,,0.0000,0.0030,,,,,,,,,,,,,,,,,0.0000,0.0000,0.0017,0.0017,,,0.0039,0.0026,0.0049,0.0070,0.0000,0.0000,80.2686,0.0918,0.0000,0.0000,0.0000,0.0000,0.0000,0.0000,0.0000,0.0000,,,,,,,,,,,,,,,,,,,,,,,,,,,,,,,,,,,,,,,,,,,0.0000,0.0767,0.0000,0.0000,,,0.1201,0.0379,0.0000,0.0000,0.0000,0.0000,0.2061,0.0060,0.0000,0.0000,,,0.0000,0.0000,0.0000,0.0000,,,,,,,,,,,,,,,,,,
81.25,Manager,gold test,Precious FP, ,2026-01-21T14:33:46.826Z,10,,,,,,,,,,,,,,,,,,,,,,,,,,,,,,,,,,0.0000,0.0000,,,0.0200,0.0077,0.0000,0.0000,1.1611,0.0182,0.0000,0.0000,0.0000,0.0000,17.7441,0.0423,0.3179,0.0048,,,0.0000,0.0034,,,,,,,,,,,,,,,,,0.0000,0.0000,0.0022,0.0018,,,0.0036,0.0025,0.0074,0.0069,0.0000,0.0000,80.4246,0.0920,0.0000,0.0000,0.0000,0.0000,0.0000,0.0000,0.0000,0.0000,,,,,,,,,,,,,,,,,,,,,,,,,,,,,,,,,,,,,,,,,,,0.0000,0.0756,0.0000,0.0000,,,0.0948,0.0382,0.0000,0.0000,0.0000,0.0000,0.2244,0.0061,0.0000,0.0000,,,0.0000,0.0000,0.0000,0.0000,,,,,,,,,,,,,,,,,,
81.25,Manager,gold test,Precious FP, ,2026-01-21T14:33:58.225Z,30,,,,,,,,,,,,,,,,,,,,,,,,,,,,,,,,,,0.0760,0.1075,,,0.0188,0.0105,0.0059,0.0083,1.1454,0.0111,0.0000,0.0000,0.0000,0.0000,17.7329,0.0455,0.3219,0.0033,,,0.0000,0.0000,,,,,,,,,,,,,,,,,0.0000,0.0000,0.0020,0.0002,,,0.0036,0.0003,0.0076,0.0023,0.0000,0.0000,80.3723,0.0733,0.0000,0.0000,0.0000,0.0000,0.0000,0.0000,0.0000,0.0000,,,,,,,,,,,,,,,,,,,,,,,,,,,,,,,,,,,,,,,,,,,0.0000,0.0000,0.0000,0.0000,,,0.0946,0.0209,0.0000,0.0000,0.0000,0.0000,0.2189,0.0091,0.0000,0.0000,,,0.0000,0.0000,0.0000,0.0000,,,,,,,,,,,,,,,,,,
87,Manager,gold test,Precious FP, ,2026-01-21T14:34:38.979Z,10,,,,,,,,,,,,,,,,,,,,,,,,,,,,,,,,,,0.0000,0.0000,,,0.0270,0.0089,0.0311,0.0151,1.4763,0.0222,0.0000,0.0000,0.0000,0.0000,12.4669,0.0379,0.0120,0.0054,,,0.0000,0.0033,,,,,,,,,,,,,,,,,0.0000,0.0000,0.0010,0.0018,,,0.0005,0.0026,0.0000,0.0000,0.0000,0.0000,85.5887,0.1008,0.0000,0.0000,0.0000,0.0000,0.0000,0.0000,0.0000,0.0000,,,,,,,,,,,,,,,,,,,,,,,,,,,,,,,,,,,,,,,,,,,0.0000,0.0684,0.0000,0.0000,,,0.0566,0.0341,0.0000,0.0000,0.0000,0.0000,0.3400,0.0072,0.0000,0.0000,,,0.0000,0.0000,0.0000,0.0000,,,,,,,,,,,,,,,,,,
87,Manager,gold test,Precious FP, ,2026-01-21T14:34:51.886Z,10,,,,,,,,,,,,,,,,,,,,,,,,,,,,,,,,,,0.0000,0.0000,,,0.0373,0.0093,0.0000,0.0000,1.4957,0.0223,0.0000,0.0000,0.0000,0.0000,12.4165,0.0378,0.0109,0.0055,,,0.0006,0.0033,,,,,,,,,,,,,,,,,0.0052,0.0018,0.0000,0.0000,,,0.0021,0.0028,0.0000,0.0000,0.0000,0.0000,85.6250,0.1006,0.0000,0.0000,0.0000,0.0000,0.0000,0.0000,0.0000,0.0000,,,,,,,,,,,,,,,,,,,,,,,,,,,,,,,,,,,,,,,,,,,0.0000,0.0687,0.0000,0.0000,,,0.0766,0.0338,0.0000,0.0000,0.0000,0.0000,0.3269,0.0071,0.0000,0.0000,,,0.0000,0.0000,0.0031,0.0021,,,,,,,,,,,,,,,,,,
87,Manager,gold test,Precious FP, ,2026-01-21T14:35:04.900Z,10,,,,,,,,,,,,,,,,,,,,,,,,,,,,,,,,,,0.0000,0.0000,,,0.0262,0.0089,0.0000,0.0000,1.4972,0.0223,0.0000,0.0000,0.0000,0.0000,12.4268,0.0379,0.0086,0.0058,,,0.0004,0.0033,,,,,,,,,,,,,,,,,0.0041,0.0017,0.0000,0.0000,,,0.0051,0.0027,0.0000,0.0000,0.0000,0.0000,85.6827,0.1009,0.0000,0.0000,0.0000,0.0000,0.0000,0.0000,0.0000,0.0000,,,,,,,,,,,,,,,,,,,,,,,,,,,,,,,,,,,,,,,,,,,0.0000,0.0684,0.0000,0.0000,,,0.0000,0.0000,0.0000,0.0000,0.0000,0.0000,0.3451,0.0072,0.0000,0.0000,,,0.0000,0.0000,0.0036,0.0022,,,,,,,,,,,,,,,,,,
87,Manager,gold test,Precious FP, ,2026-01-21T14:35:16.215Z,30,,,,,,,,,,,,,,,,,,,,,,,,,,,,,,,,,,0.0000,0.0000,,,0.0302,0.0051,0.0104,0.0146,1.4898,0.0095,0.0000,0.0000,0.0000,0.0000,12.4367,0.0217,0.0105,0.0014,,,0.0003,0.0002,,,,,,,,,,,,,,,,,0.0031,0.0022,0.0003,0.0005,,,0.0026,0.0019,0.0000,0.0000,0.0000,0.0000,85.6321,0.0387,0.0000,0.0000,0.0000,0.0000,0.0000,0.0000,0.0000,0.0000,,,,,,,,,,,,,,,,,,,,,,,,,,,,,,,,,,,,,,,,,,,0.0000,0.0000,0.0000,0.0000,,,0.0444,0.0324,0.0000,0.0000,0.0000,0.0000,0.3374,0.0077,0.0000,0.0000,,,0.0000,0.0000,0.0022,0.0016,,,,,,,,,,,,,,,,,,
91.75,Manager,gold test,Precious FP, ,2026-01-21T14:36:23.713Z,8,,,,,,,,,,,,,,,,,,,,,,,,,,,,,,,,,,0.0000,0.0000,,,0.0354,0.0109,0.0430,0.0195,2.4092,0.0326,0.0000,0.0000,0.0000,0.0000,7.8411,0.0347,0.0000,0.0000,,,0.0000,0.0041,,,,,,,,,,,,,,,,,0.0046,0.0019,0.0026,0.0021,,,0.0043,0.0029,0.0073,0.0088,0.0000,0.0000,89.1318,0.1177,0.0000,0.0000,0.0000,0.0000,0.0000,0.0000,0.0000,0.0000,,,,,,,,,,,,,,,,,,,,,,,,,,,,,,,,,,,,,,,,,,,0.0000,0.0631,0.0000,0.0000,,,0.0394,0.0318,0.0000,0.0000,0.0000,0.0000,0.4665,0.0090,0.0000,0.0000,,,0.0125,0.0033,0.0023,0.0022,,,,,,,,,,,,,,,,,,
91.75,Manager,gold test,Precious FP, ,2026-01-21T14:38:43.220Z,10,,,,,,,,,,,,,,,,,,,,,,,,,,,,,,,,,,0.0000,0.0000,,,0.0402,0.0100,0.0000,0.0000,2.4367,0.0295,0.0000,0.0000,0.0000,0.0000,7.8458,0.0312,0.0000,0.0000,,,0.0000,0.0038,,,,,,,,,,,,,,,,,0.0000,0.0000,0.0000,0.0000,,,0.0028,0.0025,0.0057,0.0075,0.0000,0.0000,89.1430,0.1057,0.0000,0.0000,0.0000,0.0000,0.0000,0.0000,0.0000,0.0000,,,,,,,,,,,,,,,,,,,,,,,,,,,,,,,,,,,,,,,,,,,0.0000,0.0566,0.0000,0.0000,,,0.0570,0.0282,0.0000,0.0000,0.0000,0.0000,0.4648,0.0080,0.0000,0.0000,,,0.0000,0.0000,0.0040,0.0021,,,,,,,,,,,,,,,,,,
91.75,Manager,gold test,Precious FP, ,2026-01-21T14:38:56.759Z,10,,,,,,,,,,,,,,,,,,,,,,,,,,,,,,,,,,0.0000,0.0000,,,0.0546,0.0106,0.0251,0.0189,2.4291,0.0294,0.0000,0.0000,0.0000,0.0000,7.8342,0.0312,0.0079,0.0047,,,0.0000,0.0031,,,,,,,,,,,,,,,,,0.0000,0.0000,0.0000,0.0000,,,0.0018,0.0027,0.0063,0.0076,0.0000,0.0000,89.1683,0.1056,0.0000,0.0000,0.0000,0.0000,0.0000,0.0000,0.0000,0.0000,,,,,,,,,,,,,,,,,,,,,,,,,,,,,,,,,,,,,,,,,,,0.0000,0.0570,0.0000,0.0000,,,0.0000,0.0000,0.0000,0.0000,0.0000,0.0000,0.4592,0.0080,0.0000,0.0000,,,0.0136,0.0009,0.0000,0.0000,,,,,,,,,,,,,,,,,,
91.75,Manager,gold test,Precious FP, ,2026-01-21T14:39:08.080Z,28,,,,,,,,,,,,,,,,,,,,,,,,,,,,,,,,,,0.0000,0.0000,,,0.0434,0.0081,0.0227,0.0176,2.4250,0.0116,0.0000,0.0000,0.0000,0.0000,7.8404,0.0047,0.0026,0.0037,,,0.0000,0.0000,,,,,,,,,,,,,,,,,0.0015,0.0022,0.0009,0.0012,,,0.0030,0.0010,0.0065,0.0006,0.0000,0.0000,89.1477,0.0152,0.0000,0.0000,0.0000,0.0000,0.0000,0.0000,0.0000,0.0000,,,,,,,,,,,,,,,,,,,,,,,,,,,,,,,,,,,,,,,,,,,0.0000,0.0000,0.0000,0.0000,,,0.0321,0.0238,0.0000,0.0000,0.0000,0.0000,0.4635,0.0031,0.0000,0.0000,,,0.0087,0.0062,0.0021,0.0016,,,,,,,,,,,,,,,,,,
91.75,Manager,gold test,Precious FP, ,2026-01-21T14:39:11.209Z,10,,,,,,,,,,,,,,,,,,,,,,,,,,,,,,,,,,0.0000,0.0000,,,0.0000,0.0000,0.0549,0.0176,2.4248,0.0294,0.0000,0.0000,0.0000,0.0000,7.8706,0.0313,0.0067,0.0049,,,0.0000,0.0033,,,,,,,,,,,,,,,,,0.0000,0.0000,0.0000,0.0000,,,0.0023,0.0026,0.0000,0.0000,0.0000,0.0000,89.1733,0.1058,0.0000,0.0000,0.0000,0.0000,0.0000,0.0000,0.0000,0.0000,,,,,,,,,,,,,,,,,,,,,,,,,,,,,,,,,,,,,,,,,,,0.0000,0.0569,0.0000,0.0000,,,0.0000,0.0000,0.0000,0.0000,0.0000,0.0000,0.4666,0.0081,0.0000,0.0000,,,0.0000,0.0000,0.0008,0.0021,,,,,,,,,,,,,,,,,,
91.75,Manager,gold test,Precious FP, ,2026-01-21T14:39:22.534Z,10,,,,,,,,,,,,,,,,,,,,,,,,,,,,,,,,,,0.0000,0.0000,,,0.0000,0.0000,0.0549,0.0000,2.4248,0.0000,0.0000,0.0000,0.0000,0.0000,7.8706,0.0000,0.0067,0.0000,,,0.0000,0.0000,,,,,,,,,,,,,,,,,0.0000,0.0000,0.0000,0.0000,,,0.0023,0.0000,0.0000,0.0000,0.0000,0.0000,89.1733,0.0000,0.0000,0.0000,0.0000,0.0000,0.0000,0.0000,0.0000,0.0000,,,,,,,,,,,,,,,,,,,,,,,,,,,,,,,,,,,,,,,,,,,0.0000,0.0000,0.0000,0.0000,,,0.0000,0.0000,0.0000,0.0000,0.0000,0.0000,0.4666,0.0000,0.0000,0.0000,,,0.0000,0.0000,0.0008,0.0000,,,,,,,,,,,,,,,,,,
94.35,Manager,gold test,Precious FP, ,2026-01-21T14:40:07.011Z,10,,,,,,,,,,,,,,,,,,,,,,,,,,,,,,,,,,0.0000,0.0000,,,0.0274,0.0099,0.0000,0.0000,0.2340,0.0107,0.0000,0.0000,0.0000,0.0000,5.4091,0.0259,0.0066,0.0043,,,0.0015,0.0027,,,,,,,,,,,,,,,,,0.0000,0.0000,0.0000,0.0000,,,0.0019,0.0026,0.0000,0.0000,0.0000,0.0000,94.2565,0.1092,0.0000,0.0000,0.0000,0.0000,0.0000,0.0000,0.0000,0.0000,,,,,,,,,,,,,,,,,,,,,,,,,,,,,,,,,,,,,,,,,,,0.0000,0.0476,0.0031,0.0066,,,0.0000,0.0000,0.0000,0.0000,0.0000,0.0000,0.0599,0.0051,0.0000,0.0000,,,0.0000,0.0000,0.0000,0.0000,,,,,,,,,,,,,,,,,,
94.35,Manager,gold test,Precious FP, ,2026-01-21T14:40:26.352Z,10,,,,,,,,,,,,,,,,,,,,,,,,,,,,,,,,,,0.0000,0.0000,,,0.0000,0.0000,0.0000,0.0000,0.2272,0.0106,0.0000,0.0000,0.0000,0.0000,5.3869,0.0258,0.0041,0.0042,,,0.0000,0.0025,,,,,,,,,,,,,,,,,0.0000,0.0000,0.0006,0.0018,,,0.0007,0.0027,0.0050,0.0074,0.0000,0.0000,94.2870,0.1093,0.0000,0.0000,0.0000,0.0000,0.0000,0.0000,0.0000,0.0000,,,,,,,,,,,,,,,,,,,,,,,,,,,,,,,,,,,,,,,,,,,0.0000,0.0466,0.0000,0.0000,,,0.0000,0.0000,0.0000,0.0000,0.0000,0.0000,0.0658,0.0052,0.0000,0.0000,,,0.0169,0.0010,0.0058,0.0021,,,,,,,,,,,,,,,,,,
94.35,Manager,gold test,Precious FP, ,2026-01-21T14:40:40.980Z,10,,,,,,,,,,,,,,,,,,,,,,,,,,,,,,,,,,0.0000,0.0000,,,0.0222,0.0097,0.0415,0.0179,0.2180,0.0105,0.0000,0.0000,0.0000,0.0000,5.3853,0.0258,0.0006,0.0043,,,0.0000,0.0029,,,,,,,,,,,,,,,,,0.0000,0.0000,0.0017,0.0018,,,0.0000,0.0000,0.0073,0.0076,0.0000,0.0000,94.2590,0.1093,0.0000,0.0000,0.0000,0.0000,0.0000,0.0000,0.0000,0.0000,,,,,,,,,,,,,,,,,,,,,,,,,,,,,,,,,,,,,,,,,,,0.0000,0.0471,0.0000,0.0000,,,0.0000,0.0000,0.0000,0.0000,0.0000,0.0000,0.0593,0.0051,0.0014,0.0027,,,0.0000,0.0000,0.0037,0.0021,,,,,,,,,,,,,,,,,,
94.35,Manager,gold test,Precious FP, ,2026-01-21T14:40:52.228Z,30,,,,,,,,,,,,,,,,,,,,,,,,,,,,,,,,,,0.0000,0.0000,,,0.0165,0.0119,0.0138,0.0195,0.2264,0.0066,0.0000,0.0000,0.0000,0.0000,5.3937,0.0108,0.0038,0.0025,,,0.0005,0.0007,,,,,,,,,,,,,,,,,0.0000,0.0000,0.0008,0.0007,,,0.0009,0.0008,0.0041,0.0031,0.0000,0.0000,94.2675,0.0138,0.0000,0.0000,0.0000,0.0000,0.0000,0.0000,0.0000,0.0000,,,,,,,,,,,,,,,,,,,,,,,,,,,,,,,,,,,,,,,,,,,0.0000,0.0000,0.0010,0.0014,,,0.0000,0.0000,0.0000,0.0000,0.0000,0.0000,0.0617,0.0029,0.0005,0.0007,,,0.0056,0.0080,0.0032,0.0024,,,,,,,,,,,,,,,,,,
