Name;Comment;Class;Date;Time;Duration;Reference;Pass/Fail;Grade;GPS Lat.;GPS Long.;Additional Information;Camera Image;Na;+/-;Mg;+/-;Al;+/-;Si;+/-;P;+/-;S;+/-;Cl;+/-;Ar;+/-;K;+/-;Ca;+/-;Sc;+/-;Ti;+/-;V;+/-;Cr;+/-;Mn;+/-;Fe;+/-;Co;+/-;Ni;+/-;Cu;+/-;Zn;+/-;Ga;+/-;Ge;+/-;As;+/-;Se;+/-;Br;+/-;Kr;+/-;Rb;+/-;Sr;+/-;Y;+/-;Zr;+/-;Nb;+/-;Mo;+/-;Tc;+/-;Ru;+/-;Rh;+/-;Pd;+/-;Ag;+/-;Cd;+/-;In;+/-;Sn;+/-;Sb;+/-;Te;+/-;I;+/-;Xe;+/-;Cs;+/-;Ba;+/-;La;+/-;Ce;+/-;Pr;+/-;Nd;+/-;Pm;+/-;Sm;+/-;Eu;+/-;Gd;+/-;Tb;+/-;Dy;+/-;Ho;+/-;Er;+/-;Tm;+/-;Yb;+/-;Lu;+/-;Hf;+/-;Ta;+/-;W;+/-;Re;+/-;Os;+/-;Ir;+/-;Pt;+/-;Au;+/-;Hg;+/-;Tl;+/-;Pb;+/-;Bi;+/-;Po;+/-;At;+/-;Rn;+/-;Fr;+/-;Ra;+/-;Ac;+/-;Th;+/-;Pa;+/-;U;+/-;Np;+/-;Pu;+/-;Am;+/-;Cm;+/-;Bk;+/-;Cf;+/-;Es;+/-;Fm;+/-;Md;+/-;No;+/-;Lr;+/-
Mondelez s1;;o Alloy_LE_FP;10.8.2026;13:24:14;30;;;;;;;;;;0.0000;0.0000;0.0000;0.0000;0.0000;0.0000;2.1029;0.4264;0.0000;0.0000;;;;;;;;;;;1.5029;0.4777;0.0000;0.0000;0.0000;0.0000;0.0000;0.0000;56.8847;1.4230;0.0000;0.0000;0.0000;0.0000;0.0000;0.0000;39.5095;1.2323;;;;;0.0000;0.0000;0.0000;0.0000;;;;;;;;;0.0000;0.0000;0.0000;0.0000;0.0000;0.0000;0.0000;0.0000;;;;;;;0.0000;0.0000;0.0000;0.0000;0.0000;0.0000;0.0000;0.0000;0.0000;0.0000;0.0000;0.0000;;;;;;;;;;;;;;;;;;;;;;;;;;;;;;;;;;;;;;;;;0.0000;0.0000;0.0000;0.0000;0.0000;0.0000;0.0000;0.0000;;;0.0000;0.0000;0.0000;0.0000;0.0000;0.0000;0.0000;0.0000;;;0.0000;0.0000;0.0000;0.0000;;;;;;;;;;;;;;;;;;;;;;;;;;;;;;;;;;;;;;;;
Mondelez s1;;o Alloy_LE_FP;10.8.2026;13:26:52;30;;;;;;;;;;0.0000;0.0000;0.0000;0.0000;0.3184;0.1043;0.2412;0.0514;0.8100;0.0348;;;;;;;;;;;0.2777;0.0662;0.0000;0.0000;0.0716;0.0264;0.3074;0.0450;54.8672;0.4564;0.0908;0.0174;0.0000;0.0000;0.0000;0.0000;42.9458;0.4198;;;;;0.0000;0.0000;0.0000;0.0000;;;;;;;;;0.0000;0.0000;0.0000;0.0000;0.0000;0.0000;0.0000;0.0000;;;;;;;0.0000;0.0000;0.0000;0.0000;0.0000;0.0000;0.0000;0.0000;0.0000;0.0000;0.0000;0.0000;;;;;;;;;;;;;;;;;;;;;;;;;;;;;;;;;;;;;;;;;0.0000;0.0000;0.0000;0.0000;0.0000;0.0000;0.0000;0.0000;;;0.0000;0.0000;0.0000;0.0000;0.0000;0.0000;0.0698;0.0224;;;0.0000;0.0000;0.0000;0.0000;;;;;;;;;;;;;;;;;;;;;;;;;;;;;;;;;;;;;;;;
Mondelez s2;;o Alloy_LE_FP;10.8.2026;13:29:54;30;;;2.4068(4.5416) 2.4066(4.5788);;;;;;;0.0000;0.0000;0.0000;0.0000;5.6415;1.4745;3.3835;0.6520;4.3278;0.3574;;;;;;;;;;;6.0319;1.2340;0.0000;0.0000;0.0000;0.0000;0.0000;0.0000;0.8495;0.2146;0.0000;0.0000;78.8319;1.9530;0.0000;0.0000;0.0000;0.0000;;;;;0.0000;0.0000;0.0000;0.0000;;;;;;;;;0.0000;0.0000;0.0000;0.0000;0.0000;0.0000;0.0000;0.0000;;;;;;;0.0000;0.0000;0.0000;0.0000;0.0000;0.0000;0.0000;0.0000;0.0000;0.0000;0.0000;0.0000;;;;;;;;;;;;;;;;;;;;;;;;;;;;;;;;;;;;;;;;;0.0000;0.0000;0.0000;0.0000;0.0000;0.0000;0.0000;0.0000;;;0.0000;0.0000;0.0000;0.0000;0.0000;0.0000;0.9339;0.3113;;;0.0000;0.0000;0.0000;0.0000;;;;;;;;;;;;;;;;;;;;;;;;;;;;;;;;;;;;;;;;
Mondelez s3;;o Alloy_LE_FP;10.8.2026;13:31:58;30;;;CuSn8(1.2846) CuSn6(2.3683);;;;;;;0.0000;0.0000;0.0000;0.0000;1.6859;0.2298;0.7330;0.0856;0.0000;0.0000;;;;;;;;;;;1.3434;0.2876;0.0000;0.0000;0.0000;0.0000;0.0000;0.0000;0.0000;0.0000;0.0000;0.0000;0.3135;0.0578;85.2574;0.8216;0.2249;0.0399;;;;;0.0000;0.0000;0.0000;0.0000;;;;;;;;;0.0000;0.0000;0.0000;0.0000;0.0000;0.0000;0.0000;0.0000;;;;;;;0.0000;0.0000;0.0000;0.0000;0.0000;0.0000;0.0000;0.0000;10.0648;0.5006;0.0000;0.0000;;;;;;;;;;;;;;;;;;;;;;;;;;;;;;;;;;;;;;;;;0.0000;0.0000;0.0000;0.0000;0.0000;0.0000;0.0000;0.0000;;;0.0000;0.0000;0.0000;0.0000;0.0000;0.0000;0.0000;0.0000;;;0.3771;0.0720;0.0000;0.0000;;;;;;;;;;;;;;;;;;;;;;;;;;;;;;;;;;;;;;;;
Mondelez s4;;o Alloy_LE_FP;10.8.2026;13:34:27;30;;;1.0721(0.2680) 1.0726(0.2680);;;;;;;0.0000;0.0000;0.0000;0.0000;0.5274;0.1428;0.5944;0.0702;0.5212;0.0359;;;;;;;;;;;0.5584;0.0909;0.0000;0.0000;0.0870;0.0313;0.8007;0.0879;96.9109;0.7830;0.0000;0.0000;0.0000;0.0000;0.0000;0.0000;0.0000;0.0000;;;;;0.0000;0.0000;0.0000;0.0000;;;;;;;;;0.0000;0.0000;0.0000;0.0000;0.0000;0.0000;0.0000;0.0000;;;;;;;0.0000;0.0000;0.0000;0.0000;0.0000;0.0000;0.0000;0.0000;0.0000;0.0000;0.0000;0.0000;;;;;;;;;;;;;;;;;;;;;;;;;;;;;;;;;;;;;;;;;0.0000;0.0000;0.0000;0.0000;0.0000;0.0000;0.0000;0.0000;;;0.0000;0.0000;0.0000;0.0000;0.0000;0.0356;0.0000;0.0000;;;0.0000;0.0000;0.0000;0.0000;;;;;;;;;;;;;;;;;;;;;;;;;;;;;;;;;;;;;;;;
Mondelez s5;;o Alloy_LE_FP;10.8.2026;13:36:59;30;;;1.0585(0.1640) 1.0425(0.2219);;;;;;;0.0000;0.0000;0.0000;0.0000;0.7509;0.1737;0.2650;0.0719;0.0000;0.0000;;;;;;;;;;;0.4505;0.0965;0.0000;0.0000;0.0483;0.0313;0.5261;0.0851;96.4341;0.9131;0.1465;0.0308;0.0000;0.0000;0.2628;0.0656;0.1770;0.0456;;;;;0.0000;0.0000;0.0000;0.0000;;;;;;;;;0.0000;0.0000;0.0000;0.0000;0.0000;0.0000;0.0000;0.0000;;;;;;;0.3571;0.0944;0.0000;0.0000;0.0000;0.0000;0.0000;0.0000;0.4359;0.1335;0.0000;0.0000;;;;;;;;;;;;;;;;;;;;;;;;;;;;;;;;;;;;;;;;;0.0000;0.0000;0.0000;0.0000;0.0000;0.0000;0.0000;0.0000;;;0.0000;0.0000;0.0000;0.0000;0.0000;0.0458;0.1457;0.0420;;;0.0000;0.0000;0.0000;0.0000;;;;;;;;;;;;;;;;;;;;;;;;;;;;;;;;;;;;;;;;
Mondelez s1 p4;;o Alloy_LE_FP;10.8.2026;13:42:56;30;;;;;;;;;;0.0000;0.0000;0.0000;0.0000;0.0000;0.0000;0.1415;0.0385;0.0000;0.0000;;;;;;;;;;;0.0000;0.0000;0.0000;0.0000;0.0563;0.0295;0.4031;0.0635;61.3150;0.6046;0.0000;0.0000;0.0000;0.0000;0.0000;0.0000;38.0841;0.5073;;;;;0.0000;0.0000;0.0000;0.0000;;;;;;;;;0.0000;0.0080;0.0000;0.0078;0.0000;0.0000;0.0000;0.0000;;;;;;;0.0000;0.0000;0.0000;0.0000;0.0000;0.0310;0.0000;0.0333;0.0000;0.0000;0.0000;0.0000;;;;;;;;;;;;;;;;;;;;;;;;;;;;;;;;;;;;;;;;;0.0000;0.0000;0.0000;0.0000;0.0000;0.0000;0.0000;0.0000;;;0.0000;0.0000;0.0000;0.0000;0.0000;0.0000;0.0000;0.0000;;;0.0000;0.0000;0.0000;0.0000;;;;;;;;;;;;;;;;;;;;;;;;;;;;;;;;;;;;;;;;
Mondelez s3 p4;;o Alloy_LE_FP;10.8.2026;14:22:27;30;;;CuSn8(2.7301) C655(2.8931);;;;;;;0.0000;0.0000;0.0000;0.0000;0.2863;0.0605;0.0973;0.0173;0.0000;0.0000;;;;;;;;;;;0.0000;0.0000;0.0000;0.0000;0.0000;0.0000;0.0000;0.0000;0.0000;0.0000;0.0000;0.0000;0.4104;0.0361;88.0421;0.4361;0.1326;0.0176;;;;;0.0000;0.0000;0.0000;0.0000;;;;;;;;;0.0000;0.0071;0.0000;0.0000;0.0000;0.0000;0.0000;0.0000;;;;;;;0.0000;0.0000;0.0000;0.0000;0.0000;0.0000;0.0000;0.0000;10.6323;0.2503;0.0000;0.0000;;;;;;;;;;;;;;;;;;;;;;;;;;;;;;;;;;;;;;;;;0.0000;0.0000;0.0000;0.0000;0.0000;0.0000;0.0000;0.0000;;;0.0000;0.0000;0.0000;0.0000;0.0000;0.0000;0.0000;0.0000;;;0.3989;0.0393;0.0000;0.0000;;;;;;;;;;;;;;;;;;;;;;;;;;;;;;;;;;;;;;;;
Mondelez s4 p4;;o Alloy_LE_FP;10.8.2026;14:51:55;30;;;1.0506(0.0228) 1.0461(0.0561);;;;;;;0.0000;0.0000;0.0000;0.0000;0.4841;0.0840;0.3755;0.0362;0.0000;0.0000;;;;;;;;;;;0.0000;0.0000;0.0000;0.0000;0.0923;0.0298;0.8412;0.0857;97.6336;0.7540;0.0000;0.0000;0.2031;0.0597;0.0000;0.0000;0.0000;0.0000;;;;;0.0000;0.0000;0.0000;0.0000;;;;;;;;;0.0000;0.0000;0.0000;0.0072;0.0254;0.0084;0.0000;0.0000;;;;;;;0.0000;0.0000;0.0000;0.0000;0.0000;0.0000;0.0000;0.0000;0.1488;0.0369;0.1960;0.0417;;;;;;;;;;;;;;;;;;;;;;;;;;;;;;;;;;;;;;;;;0.0000;0.0000;0.0000;0.0000;0.0000;0.0000;0.0000;0.0000;;;0.0000;0.0000;0.0000;0.0000;0.0000;0.0000;0.0000;0.0000;;;0.0000;0.0000;0.0000;0.0000;;;;;;;;;;;;;;;;;;;;;;;;;;;;;;;;;;;;;;;;
